Year,Month,Season,NetEnergyUse,EnergyUseIn,EnergyUseOut,tempmax,tempmin,temp,feelslikemax,feelslikemin,feelslike,dew,humidity,precip,precipprob,precipcover,preciptype,snow,snowdepth,windgust,windspeed,winddir,sealevelpressure,cloudcover,visibility,solarradiation,solarenergy,uvindex
2019,1,Winter,61573.26,54956.65,-6616.61,39.14193548,24.58387097,32.39677419,35.70322581,16.46451613,26.45483871,19.89677419,61.79677419,0.124,35.48387097,10.35,#DIV/0!,0.035483871,0.1,26.03870968,14.55483871,202.916129,1017.858065,45.5516129,8.974193548,44.0483871,3.812903226,2.709677419
2019,2,Winter,55315.48,47060.66,-8254.82,45.09642857,29.73928571,37.16071429,41.91071429,23.00357143,32.40357143,23.35714286,59.975,0.084535714,46.42857143,13.3925,#DIV/0!,0.135714286,0.128571429,24.775,14.18214286,219.4464286,1020.353571,39.4,8.517857143,72.63571429,6.278571429,4.071428571
2019,3,Spring,50015.04,37519.51,-12495.53,48.80645161,32.11290323,40.75483871,46.43548387,26.60322581,36.67096774,25.72580645,58.38064516,0.106870968,32.25806452,12.09709677,#DIV/0!,0.167741935,0.335483871,25.28709677,14.26774194,219.783871,1019.193548,40.11935484,9.148387097,129.0516129,11.17096774,5.774193548
2019,4,Spring,15520.81,8731.17,-6789.64,65.47333333,46.12,55.5,65.24666667,43.62333333,54.40666667,41.78,63.42,0.138166667,46.66666667,11.94466667,#DIV/0!,0,0,26.57666667,15.58,198.4066667,1015.026667,46.92333333,9.293333333,164.1066667,14.13333333,6.766666667
2019,5,Spring,61112.9,33658.12,-27454.78,71.6483871,54.30645161,62.6,71.90322581,53.63548387,62.31290323,53.26129032,74.48709677,0.237354839,67.74193548,17.20451613,#DIV/0!,0,0,25.42903226,13.08709677,200.8451613,1013.86129,53.01935484,8.751612903,184.6129032,15.94193548,6.903225806
2019,6,Summer,57594.07,30840.89,-26753.18,79.73,62.29666667,71.07,80.28333333,62.29666667,71.20666667,59.18,69.29666667,0.2021,50,13.19466667,#DIV/0!,0,0,23.6,13.73666667,210.16,1012.62,29.46,9.033333333,222.5566667,19.17666667,7.5
2019,7,Summer,59923.78,36340.41,-23583.37,87.12258065,69.07419355,77.99354839,90.9483871,69.07419355,79.60322581,67.35806452,72.3483871,0.228451613,38.70967742,10.88741935,#DIV/0!,0,0,21.43870968,10.27419355,242.5774194,1013.890323,26.63548387,9.329032258,215.7935484,18.61290323,7.806451613
2019,8,Summer,56758.98,38159.91,-18599.07,82.82258065,66.51935484,74.10967742,84.83548387,66.51935484,74.7483871,64.48387097,74.31935484,0.078967742,32.25806452,6.182903226,#DIV/0!,0,0,19.94193548,10.77741935,167.0483871,1014.254839,32.5,9.24516129,184.7032258,15.96451613,7.290322581
2019,9,Fall,52211.95,34903.01,-17308.94,78.90666667,59.33,68.81666667,79.71,59.22333333,69.00666667,58.22666667,71.45666667,0.0681,33.33333333,4.583333333,#DIV/0!,0,0,20.71,11.18666667,156.2266667,1018.476667,34.69,9.563333333,134.61,11.6,5.933333333
2019,10,Fall,52979.2,39689.03,-13290.17,66.91290323,50.41290323,58.50322581,67.03548387,49.42580645,58.33870968,49.36774194,74.18387097,0.157709677,58.06451613,15.86032258,#DIV/0!,0,0,23.72903226,13.5483871,157.2032258,1017.36129,50.48387097,8.922580645,69.25806452,5.967741935,3.903225806
2019,11,Fall,53872.46,43920.1,-9952.36,50.08333333,32.48,41.19,48.15333333,28.13333333,37.87333333,28.88333333,63.64666667,0.053933333,23.33333333,5.278,#DIV/0!,0,0.003333333,23.27333333,13.76666667,244.4866667,1017.856667,28.31333333,9.47,49.71666667,4.263333333,2.966666667
2019,12,Winter,60216,55640.99,-4575.01,43.47096774,29.87419355,36.75806452,40.20645161,23.69354839,32.22580645,28.40967742,73.32580645,0.161387097,45.16129032,19.75806452,#DIV/0!,0.070967742,0.064516129,23.80967742,13.01290323,220.5290323,1017.590323,47.67741935,8.364516129,30.00322581,2.574193548,2.032258065
2020,1,Winter,59451.77,50153.02,-9298.75,44.43548387,29.76451613,37.43870968,41.14193548,23.96774194,32.99677419,26.18064516,65.84516129,0.070129032,35.48387097,8.467741935,#DIV/0!,0.009677419,0.041935484,24.13548387,13.81290323,233.7032258,1019.625806,45.77096774,9.05483871,47.86774194,4.125806452,2.774193548
2020,2,Winter,59606.79,42918.46,-16688.33,46.51034483,31.23793103,38.64827586,44.21724138,24.96206897,34.45172414,26.4,64.99655172,0.093172414,41.37931034,16.09172414,#DIV/0!,0,0,23.91724138,13.3,237.9551724,1016.089655,50.19655172,8.475862069,60.15172414,5.172413793,3.379310345
2020,3,Spring,67870.08,39105.22,-28764.86,54.98387097,38.38387097,46.42903226,53.83548387,33.61935484,43.54193548,33.1483871,64.01290323,0.120548387,51.61290323,13.17225806,#DIV/0!,0,0.003225806,25.1516129,14.90967742,201.0129032,1019.293548,48.16774194,8.861290323,100.7387097,8.687096774,4.806451613
2020,4,Spring,66671.65,32106.14,-34565.51,57.57666667,41.03333333,49.25,56.76666667,36.86333333,46.9,35.29,62.03666667,0.145766667,50,15,#DIV/0!,0,0,27.84,16.59666667,225.1166667,1011.08,51.15666667,9.226666667,144.48,12.46,5.866666667
2020,5,Spring,70987.02,29518.79,-41468.23,68.39354839,50.12903226,59.36451613,68.39677419,48.64516129,58.67419355,45.58387097,63.68387097,0.06116129,38.70967742,9.005483871,#DIV/0!,0,0,25.27419355,15.0483871,197.6225806,1016.493548,43.38387097,9.35483871,213.8129032,18.48387097,7.516129032
2020,6,Summer,59579.04,31536.56,-28042.48,81.60333333,62.31666667,71.91,82.51666667,62.21666667,72.22666667,58.93,66.49333333,0.077266667,36.66666667,7.361,#DIV/0!,0,0,24.67,13.32333333,224.61,1014.73,25.40333333,9.486666667,242.4433333,20.93333333,8.133333333
2020,7,Summer,57969.93,36989.98,-20979.95,88.6,70.38709677,78.95483871,91.55483871,70.38709677,80.17741935,67.50645161,71.12258065,0.102935484,41.93548387,9.946129032,#DIV/0!,0,0,22.59677419,12.28064516,210.4516129,1013.154839,29.05806452,9.287096774,199.9967742,17.22258065,7.483870968
2020,8,Summer,48868.05,37503.18,-11364.87,83.81290323,67.81935484,75.2,86.3483871,67.81935484,76.0516129,66.16774194,75.65483871,0.151096774,54.83870968,10.6183871,#DIV/0!,0,0,21.92580645,12,187.3967742,1013.629032,28.48387097,9.280645161,169.4580645,14.66129032,6.774193548
2020,9,Fall,45614.8,34071.79,-11543.01,75.74333333,57.53333333,66.49666667,76.32,56.86666667,66.46333333,57.22666667,74.58666667,0.135966667,40,7.917,#DIV/0!,0,0,19.89,11.28666667,160.29,1018.26,34.47,9.373333333,154.1066667,13.29666667,5.9
2020,10,Fall,46883.98,39119.54,-7764.44,64.5,48.23870968,56.2483871,64.38064516,46.76451613,55.68387097,49.53548387,80.4,0.135774194,38.70967742,14.65032258,#DIV/0!,0,0,21.13548387,11.16451613,190.5096774,1018.570968,49.58709677,8.441935484,88.69354839,7.680645161,3.967741935
2020,11,Fall,54263.13,41479.5,-12783.63,59.41,39.6,49.47333333,58.46666667,37.10666667,47.80333333,38.94,69.41333333,0.141266667,30,10.139,#DIV/0!,0,0,24.05666667,14.00666667,247.33,1020.63,37.01333333,9.1,67.00333333,5.78,3.366666667
2020,12,Winter,60397.16,54626.72,-5770.44,43.79354839,28.83870968,36.52580645,40.23548387,23.07741935,31.93870968,27.55483871,71.17419355,0.103741935,38.70967742,10.88774194,#DIV/0!,0.125806452,0.190322581,24.4516129,13.89677419,240.3870968,1016.651613,44.31935484,8.819354839,45.25483871,3.912903226,2.483870968
2021,1,Winter,59979.68,51071.54,-8908.14,39.42580645,27.31612903,33.29032258,35.19354839,20.25806452,27.60967742,22.0516129,65.21935484,0.04716129,25.80645161,7.661290323,#DIV/0!,0.038709677,0.04516129,23.16774194,14.04516129,265.6580645,1015.6,46.14516129,8.993548387,60.04193548,5.193548387,3.032258065
2021,2,Winter,61535.06,57710.68,-3824.38,37.36785714,26.31428571,32.1,33.75,18.95357143,26.08928571,22.23928571,69.1,0.122785714,53.57142857,18.30392857,#DIV/0!,0.417857143,1.096428571,23.07857143,13.35714286,214.3607143,1018.071429,56.61071429,8.064285714,77.71071429,6.632142857,3.178571429
2021,3,Spring,60981.96,39365.18,-21616.78,54.39677419,35.37419355,44.70645161,52.48387097,29.82903226,41.37419355,27.91935484,56.30322581,0.10483871,25.80645161,9.139677419,#DIV/0!,0,0,26.07096774,15.15483871,214.3483871,1020.212903,33.56451613,9.112903226,164.9290323,14.22903226,5.935483871
2021,4,Spring,47517.64,31947.02,-15570.62,62.84333333,42.91666667,52.96333333,62.11,39.37333333,51.30333333,36.62333333,58.07333333,0.0798,40,9.861333333,#DIV/0!,0,0,25.43666667,15.05333333,241.99,1012.17,44.86,9.46,174.9833333,15.13666667,6.033333333
2021,5,Spring,46372.26,30071.95,-16300.31,71.49677419,50.57419355,61.00322581,71.30322581,49.12580645,60.33225806,45.50967742,60.9516129,0.103645161,38.70967742,12.76870968,#DIV/0!,0,0,22.97096774,13.65806452,212.1967742,1017.664516,40.19354839,9.435483871,313.4,27.27096774,6.903225806
2021,6,Summer,44992.06,32999.77,-11992.29,82.00333333,62.34666667,72.37,84.33666667,62.34666667,73.35666667,61.90333333,72.64,0.095566667,40,8.749666667,#DIV/0!,0,0,21.74666667,11.70333333,213.4733333,1015.426667,33.74,9.473333333,98.03,7.863333333,3.166666667
2021,7,Summer,52367.89,39147.3,-13220.59,84.09677419,67.36774194,75.41612903,86.98387097,67.36774194,76.46451613,66.56451613,76.23870968,0.206741935,48.38709677,9.811935484,#DIV/0!,0,0,22.43548387,11.04193548,237.3322581,1014.083871,37.53548387,8.738709677,246.4967742,21.29677419,7.677419355
2021,8,Summer,52490.11,42520.33,-9969.78,84.24516129,68.45806452,75.68709677,87.77419355,68.45806452,76.92580645,67.54516129,77.89354839,0.164709677,41.93548387,11.15645161,#DIV/0!,0,0,20.81935484,11.72580645,190.1806452,1016.387097,41.60967742,9.438709677,541.6258065,47.21935484,7
2021,9,Fall,53009.32,39161.06,-13848.26,76.94,60.20333333,68.46666667,77.63,60.20333333,68.66666667,59.87666667,76.48666667,0.256333333,36.66666667,9.166333333,#DIV/0!,0,0,22.75,12.36666667,220.3933333,1015.256667,35.50333333,9.45,184.47,15.96,6.366666667
2021,10,Fall,51603.15,38162.39,-13440.76,68.8483871,53.69032258,60.88387097,68.89354839,52.87741935,60.76451613,54.53870968,81.33548387,0.092741935,38.70967742,10.75290323,#DIV/0!,0,0,21.83225806,11.66129032,194.5516129,1014.245161,54.01290323,9.206451613,79.27096774,6.764516129,3.64516129
2021,11,Fall,57096.48,43074.66,-14021.82,52.55666667,34.24333333,43.43666667,50.98,29.81333333,40.68666667,32.59333333,67.75333333,0.021333333,26.66666667,5.277666667,#DIV/0!,0,0.01,21.3,12.75,250.9933333,1018.626667,30.27,9.696666667,97.51333333,8.353333333,3.466666667
2021,12,Winter,55778.87,47909.58,-7869.29,48.36129032,35.07419355,41.73870968,46.9483871,30.53870968,38.93225806,31.26774194,68.91290323,0.040709677,48.38709677,9.946451613,#DIV/0!,0,0.012903226,22.16129032,12.13548387,232.6258065,1016.945161,45.83548387,8.783870968,69.21290323,5.903225806,2.387096774
2022,1,Winter,63543.6,56194.01,-7349.59,36.24516129,20.18387097,28.5483871,31.7516129,11.0483871,21.97741935,17.22258065,64.3483871,0.081935484,38.70967742,11.96258065,#DIV/0!,0.196774194,0.358064516,25.20322581,14.49032258,237.7419355,1017.987097,38.25483871,8.929032258,68.13548387,5.94516129,3.032258065
2022,2,Winter,61144.27,45346.05,-15798.22,45.4,25.80714286,35.79642857,42.17142857,19.24285714,31.19642857,24.01785714,65.375,0.085821429,32.14285714,13.98785714,#DIV/0!,0.096428571,0.171428571,25.21428571,15.45714286,218.0535714,1021.975,38.17142857,8.617857143,107.1892857,9.135714286,4.607142857
2022,3,Spring,62525.87,39945.8,-22580.07,52.90322581,34.61290323,44.28064516,50.96451613,29.73548387,40.80322581,30.3516129,61.66129032,0.067645161,38.70967742,8.333225806,#DIV/0!,0.070967742,0.041935484,27.28064516,15.85483871,221.6612903,1015.616129,45.08064516,8.912903226,144.1258065,12.39032258,5.451612903
2022,4,Spring,50011.13,29977.19,-20033.94,59.86333333,42.35333333,51.08,59.20333333,38.49,48.94333333,35.26666667,59.03333333,0.1898,46.66666667,12.361,#DIV/0!,0,0,27.77333333,15.92333333,225.8166667,1015.583333,46.95333333,9.393333333,192.0833333,16.68333333,5.7
2022,5,Spring,48244.45,28449.41,-19795.04,72.87741935,54.45806452,63.23225806,73.17096774,53.20322581,62.95483871,52.38387097,72.13225806,0.188580645,45.16129032,14.11322581,#DIV/0!,0,0,24.19677419,13.52258065,165.5064516,1016.390323,53.26129032,8.606451613,276.4516129,24.26451613,4.838709677
2022,6,Summer,51127.21,30515.11,-20612.1,79.39,61.10666667,70.27333333,79.65666667,61.10666667,70.33333333,57.55,67.7,0.0823,40,8.611333333,#DIV/0!,0,0,20.88333333,11.89333333,222.4933333,1013.963333,35.71666667,9.383333333,185.5066667,16.25333333,5.666666667
2022,7,Summer,53774.5,36839.2,-16935.3,87.99032258,69.62258065,78.71290323,89.47096774,69.62258065,79.58709677,64.76451613,65.59677419,0.035064516,38.70967742,4.57,#DIV/0!,0,0,20.48387097,12,224.9419355,1013.451613,29.30645161,9.670967742,286.6258065,24.58709677,6.35483871
2022,8,Summer,53843.67,37856.4,-15987.27,86.8516129,67.92258065,76.95483871,88.40322581,67.92258065,77.82903226,63.95806452,67.70967742,0.09216129,38.70967742,5.914516129,#DIV/0!,0,0,20.90967742,15.11290323,215.8516129,1015.180645,29.56451613,9.616129032,302.7451613,26.16451613,5.709677419
2022,9,Fall,46772,32530.88,-14241.12,76.36,58.58,67.15,76.59,58.03333333,67.14333333,56.19333333,70.74333333,0.0641,36.66666667,8.055666667,#DIV/0!,0,0,20.69333333,11.71,192.1166667,1015.64,30.59333333,9.543333333,177.6266667,15.32333333,6.766666667
2022,10,Fall,42429.68,37245.76,-5183.92,62.62258065,44.63548387,53.59677419,62.62258065,42.77096774,52.89677419,45.23225806,76.59354839,0.181548387,45.16129032,17.06967742,#DIV/0!,0,0,22.03548387,12.23548387,176.8903226,1017.296774,42.26774194,8.696774194,134.7516129,11.63225806,3.741935484
2022,11,Fall,49593.15,40598.06,-8995.09,56.75,38.68,47.42333333,55.22666667,35.41,44.99333333,36.07666667,67.38666667,0.0884,36.66666667,8.333666667,#DIV/0!,0,0,24.43666667,13.79,213.31,1020.383333,33.42,9.26,85.16,7.3,3.933333333
2022,12,Winter,54222.98,51340.48,-2882.5,42.91612903,27.86451613,35.52580645,39.08709677,21.48709677,30.59354839,25.72580645,68.9483871,0.122774194,29.03225806,13.30677419,#DIV/0!,0.012903226,0.006451613,22.30645161,12.97419355,226.5451613,1020.532258,40.69677419,8.758064516,52.75483871,4.532258065,2.322580645
2023,1,Winter,51230,49149,-2081,47.62903226,34.43870968,40.86129032,45.19677419,29.67419355,37.19032258,32.00967742,72.30322581,0.109451613,45.16129032,13.0383871,#DIV/0!,0,0,19.77096774,12.62580645,239.8548387,1014.858065,61.96129032,8.932258065,52.73870968,4.564516129,2.612903226
2023,2,Winter,46951,39283,-7668,48.11428571,29.51785714,39.08571429,46.26071429,23.44642857,35.125,26.26071429,62.93571429,0.050571429,35.71428571,7.143214286,#DIV/0!,0.017857143,0.010714286,25.39285714,15.14285714,211.8035714,1017.007143,33.36071429,8.871428571,92.525,7.939285714,4.571428571
2023,3,Spring,44023,33657,-10366,51.35806452,34.13225806,42.49354839,49.27741935,28.84193548,38.47419355,27.98064516,60.4516129,0.080129032,48.38709677,11.15645161,#DIV/0!,0.029032258,0,25.83870968,15.74193548,241.5967742,1014.925806,44.33548387,8.958064516,143.1387097,12.37741935,5.677419355
2023,4,Spring,40321,30161,-10160,65.41,45.54333333,55.56,65.19666667,43.19666667,54.59666667,41.05,63.07,0.158133333,40,12.08333333,#DIV/0!,0,0,23.15,14.75,206.0033333,1015.616667,41.05333333,8.823333333,191.7466667,16.57666667,7.233333333
2023,5,Spring,38443,25977,-12466,70.7,48.77741935,60.26129032,70.62258065,47.59032258,59.91935484,43.87096774,58.45806452,0.020709677,25.80645161,4.972580645,#DIV/0!,0,0,18.38064516,12.20967742,194.2451613,1015.912903,24.79354839,9.629032258,222.1129032,19.16129032,7.064516129
2023,6,Summer,36158,28486,-7672,78.13333333,58.39666667,68.05666667,78.2,58.35333333,68.05666667,55.25666667,66.91333333,0.124133333,36.66666667,7.500333333,#DIV/0!,0,0,22.63666667,12.70666667,192.71,1010.263333,46.37,8.123333333,201.2933333,17.34333333,7.2
2023,7,Summer,44251,37064,-7187,86.07741935,68.58064516,76.8516129,89.50322581,68.58064516,78.03548387,67.09032258,74.09677419,0.124580645,54.83870968,10.88709677,#DIV/0!,0,0,18.68387097,11.21935484,220.0548387,1012.164516,34.03225806,8.580645161,597.8096774,50.60645161,6.225806452
2023,8,Summer,63663,30829,-32834,81.07419355,65.40322581,72.87741935,82.4483871,65.40322581,73.2516129,62.86129032,72.99032258,0.106967742,51.61290323,9.139354839,#DIV/0!,0,0,19.37419355,11.09677419,215.1516129,1012.732258,43.47741935,9.512903226,168.8548387,14.61612903,5.387096774
2023,9,Fall,65083,33472,-31611,75.92333333,59.97333333,67.25333333,77.26666667,59.97333333,67.69,58.99666667,77.31,0.183633333,46.66666667,19.30566667,#DIV/0!,0,0,20.95666667,12.98666667,185.1466667,1016.76,41.71333333,9.013333333,82.68,7.146666667,3.6
2023,10,Fall,52714,28769,-23945,66.8516129,48.96451613,57.55806452,66.87096774,47.5483871,57.10645161,48.89677419,75.0483871,0.035774194,32.25806452,6.989677419,#DIV/0!,0,0,17.76774194,10.79354839,230.7516129,1013.793548,40.01612903,9.309677419,108.3354839,9.325806452,4.161290323
2023,11,Fall,54935,37805,-17130,52.53666667,33.40333333,43.15,51.19666667,29.78,40.60333333,31.45333333,65.31333333,0.076166667,23.33333333,5.417,#DIV/0!,0,0,19.89,12.09666667,264.27,1019.59,26.18,9.57,60.88,5.276666667,2.633333333
2023,12,Winter,47463,44674,-2789,47.5516129,34.68709677,41.30645161,45.85483871,30.41612903,38.45483871,33.11612903,74.35806452,0.235064516,32.25806452,14.38225806,#DIV/0!,0.003225806,0,17.98709677,10.80967742,189.9548387,1019.16129,57.13548387,8.322580645,39.18064516,3.374193548,2.322580645
2024,1,Winter,51137,49826,-1311,40.43225806,28.24193548,34.42258065,37.12903226,21.96129032,29.50967742,25.52580645,71.61935484,0.173612903,48.38709677,17.33870968,#DIV/0!,0.241935484,0.65483871,24.99354839,12.9483871,220.4032258,1016.774194,59.72258065,8.306451613,43.29677419,3.738709677,2.677419355
2024,2,Winter,55614,35059,-20555,45.63793103,29.76896552,37.76551724,42.8137931,23.85862069,33.71724138,25.58965517,63.64482759,0.045655172,34.48275862,8.764137931,#DIV/0!,0.182758621,0.193103448,22.25517241,12.1,234.1655172,1015.237931,32.27586207,9.372413793,104.437931,9.075862069,4.793103448
2024,3,Spring,1260,33875,32615,54.33548387,38.15483871,46.03225806,53.23548387,32.21612903,42.60645161,32.36774194,62.55806452,0.230935484,32.25806452,13.70935484,#DIV/0!,0,0,27.51290323,15.82903226,212.5290323,1014.712903,49.83225806,9.103225806,139.3548387,12.00967742,5.806451613
2024,4,Spring,61084,24643,-36441,62.14666667,44.09666667,53.15666667,61.72,41.02333333,51.59,40.35333333,65.57666667,0.1298,46.66666667,14.584,#DIV/0!,0,0,26.89333333,14.87666667,197.73,1013.786667,50.66,9.17,169.4166667,14.62,6.566666667
2024,5,Spring,57841,24956,-32885,72.41612903,55.33225806,63.59677419,72.38709677,54.73548387,63.34193548,54.00967742,74.33870968,0.095935484,54.83870968,15.32322581,#DIV/0!,0,0,22.21290323,12.54193548,184.9,1012.374194,53.16774194,9.15483871,188.5548387,16.2483871,7.225806452
2024,6,Summer,70756,25024,-45732,84.43666667,64.29333333,74.37666667,85.99666667,64.29333333,74.93,59.47666667,62.58666667,0.0417,26.66666667,5,#DIV/0!,0,0,24.25666667,13.38333333,232.25,1013.32,31.26,9.75,236.1866667,20.44666667,8.9
2024,7,Summer,3167,37661,34494,87.86774194,69.64193548,78.43548387,91.2,69.64193548,80.01290323,66.61612903,69.64516129,0.085387097,51.61290323,6.317419355,#DIV/0!,0,0,22.43225806,11.86451613,201.1580645,1014.935484,33.76774194,9.709677419,166.1548387,14.30322581,7.129032258
2024,8,Summer,0,0,0,82.81290323,65.00322581,73.49032258,84.81935484,65.00322581,74.11290323,63.51612903,73.56451613,0.165064516,41.93548387,11.15645161,#DIV/0!,0,0,21.6516129,11.81935484,229.8193548,1015.606452,38.47419355,9.45483871,189.5129032,16.36129032,7.741935484
2024,9,Fall,57644,30764,-26880,75.73333333,58.19666667,66.51333333,75.8,58.16333333,66.53666667,56.81666667,74.06,0.004466667,30,6.111666667,#DIV/0!,0,0,20.30333333,11.31333333,99.02666667,1018.49,44.17,9.406666667,146.8866667,12.68666667,5.766666667
2024,10,Fall,0,0,0,70.51612903,46.4483871,58.11935484,70.42258065,44.97096774,57.66129032,42.02903226,58.78387097,0,0,0,#DIV/0!,0,0,20.93225806,12.16451613,240.0774194,1019.109677,17.68709677,9.777419355,135.216129,11.69354839,6.225806452
2024,11,Fall,43933,34207,-9726,57.97333333,40.04,48.99333333,57.16333333,36.3,46.76,35.63,62.72,0.074233333,30,7.916666667,#DIV/0!,0,0,25.24,13.89,243.31,1015.23,30.85333333,9.603333333,76.86333333,6.676666667,4
2024,12,Winter,54771,49966,-4805,42.62580645,27.9,35.73225806,39.60645161,21.90645161,31.43225806,25.81290323,69.1483871,0.109516129,48.38709677,14.38193548,#DIV/0!,0.070967742,0.080645161,23.57096774,12.5516129,228.0516129,1021.706452,45.84193548,8.583870968,47.11935484,4.074193548,2.709677419
